{"options":{"awareOfChrome":false,"check_for_updates":true,"comment":null,"compat_arrayleft":false,"compat_foreach":false,"compat_forvarin":false,"compat_metadata":false,"compat_uW_gmonkey":false,"compat_wrappedjsobject":false,"compatopts_for_requires":true,"noframes":null,"override":{"merge_connects":true,"merge_excludes":true,"merge_includes":true,"merge_matches":true,"orig_excludes":[],"orig_includes":["https://www.baidu.com/*","http://www.baidu.com/*","http://xueshu.baidu.com/*","http://www.sogou.com/web*","https://www.sogou.com/web*","http://www.sogou.com/sie*","https://www.sogou.com/sie*","https://www.so.com/s?*","https://www.so.com/s?*","/^https?://\\w+.bing.com/.*/","/^https?\\:\\/\\/encrypted.google.[^\\/]+/","/^https?\\:\\/\\/www.google.[^\\/]+/","https://*.zhidao.baidu.com/*","https://zhidao.baidu.com/*","*.zhihu.com/*"],"orig_matches":[],"orig_noframes":null,"orig_run_at":"document-start","use_blockers":[],"use_connects":["sogou.com","*"],"use_excludes":[],"use_includes":[],"use_matches":[]},"run_at":null},"settings":{"enabled":true,"position":4},"meta":{"name":"AC-baidu： 优化百度、搜狗、谷歌搜索结果之重定向去除+去广告+favicon","uuid":"3fca38ba-08b5-4c5a-bcd6-f1e09c12a4c3","modified":1527317784940,"file_url":"https://greasyfork.org/scripts/14178-ac-baidu-%E4%BC%98%E5%8C%96%E7%99%BE%E5%BA%A6-%E6%90%9C%E7%8B%97-%E8%B0%B7%E6%AD%8C%E6%90%9C%E7%B4%A2%E7%BB%93%E6%9E%9C%E4%B9%8B%E9%87%8D%E5%AE%9A%E5%90%91%E5%8E%BB%E9%99%A4-%E5%8E%BB%E5%B9%BF%E5%91%8A-favicon/code/AC-baidu%EF%BC%9A%20%E4%BC%98%E5%8C%96%E7%99%BE%E5%BA%A6%E3%80%81%E6%90%9C%E7%8B%97%E3%80%81%E8%B0%B7%E6%AD%8C%E6%90%9C%E7%B4%A2%E7%BB%93%E6%9E%9C%E4%B9%8B%E9%87%8D%E5%AE%9A%E5%90%91%E5%8E%BB%E9%99%A4+%E5%8E%BB%E5%B9%BF%E5%91%8A+favicon.user.js"}}