{"options":{"awareOfChrome":false,"check_for_updates":true,"comment":null,"compat_arrayleft":false,"compat_foreach":false,"compat_forvarin":false,"compat_metadata":false,"compat_uW_gmonkey":false,"compat_wrappedjsobject":false,"compatopts_for_requires":true,"noframes":null,"override":{"merge_connects":true,"merge_excludes":true,"merge_includes":true,"merge_matches":true,"orig_connects":[],"orig_excludes":[],"orig_includes":["*://*.le.com/*","*://*.iqiyi.com/*html*","*://v.qq.com/*","*://y.qq.com/*","*://view.inews.qq.com/*","*://tv.cctv.com/*","*://wlchunwan.cctv.com/*","*://*.cntv.cn/video/*","*://*.icourse163.org/*","*://open.163.com/movie*","*://m.open.163.com/movie*","*://study.163.com/course/courseLearn*","*://mooc.study.163.com/learn/*","*://*.sohu.com/*html*","*://*mgtv.com/*html*","*://*acfun.cn/v/ac*","*://*acfun.cn/bangumi/*","*://m.acfun.cn/*"],"orig_matches":[],"orig_noframes":null,"orig_run_at":"document-start","use_blockers":[],"use_connects":[],"use_excludes":[],"use_includes":[],"use_matches":[]},"run_at":null},"settings":{"enabled":false,"position":39},"meta":{"name":"bye-flash-hello-html5 | 再见flash 你好html5","uuid":"32a48cf4-c659-4780-a62a-fe3638feea42","modified":1529924329289}}