{"options":{"awareOfChrome":false,"check_for_updates":true,"comment":null,"compat_arrayleft":false,"compat_foreach":false,"compat_forvarin":false,"compat_metadata":false,"compat_uW_gmonkey":false,"compat_wrappedjsobject":false,"compatopts_for_requires":true,"noframes":null,"override":{"merge_connects":true,"merge_excludes":true,"merge_includes":true,"merge_matches":true,"orig_connects":[],"orig_excludes":[],"orig_includes":["http*://item.taobao.com/*","http*://detail.tmall.com/*","http*://item.jd.com/*"],"orig_matches":[],"orig_noframes":null,"orig_run_at":"document-idle","use_blockers":[],"use_connects":[],"use_excludes":[],"use_includes":[],"use_matches":[]},"run_at":null},"settings":{"enabled":true,"position":36},"meta":{"name":"TAOBAO TMALL JD 【内部加强版】 淘宝、天猫、京东内部优惠券 优惠20%以上 2018.5.14加速版","uuid":"3631945c-d552-4948-b56e-5881cd1720c7","modified":1529681813992,"file_url":"https://greasyfork.org/scripts/40167-taobao-tmall-jd-%E5%86%85%E9%83%A8%E5%8A%A0%E5%BC%BA%E7%89%88-%E6%B7%98%E5%AE%9D-%E5%A4%A9%E7%8C%AB-%E4%BA%AC%E4%B8%9C%E5%86%85%E9%83%A8%E4%BC%98%E6%83%A0%E5%88%B8-%E4%BC%98%E6%83%A020-%E4%BB%A5%E4%B8%8A-2018-5-14%E5%8A%A0%E9%80%9F%E7%89%88/code/TAOBAO%20TMALL%20JD%20%E3%80%90%E5%86%85%E9%83%A8%E5%8A%A0%E5%BC%BA%E7%89%88%E3%80%91%20%E6%B7%98%E5%AE%9D%E3%80%81%E5%A4%A9%E7%8C%AB%E3%80%81%E4%BA%AC%E4%B8%9C%E5%86%85%E9%83%A8%E4%BC%98%E6%83%A0%E5%88%B8%20%E4%BC%98%E6%83%A020%25%E4%BB%A5%E4%B8%8A%20%202018514%E5%8A%A0%E9%80%9F%E7%89%88.user.js"}}