{"options":{"awareOfChrome":false,"check_for_updates":true,"comment":null,"compat_arrayleft":false,"compat_foreach":false,"compat_forvarin":false,"compat_metadata":false,"compat_uW_gmonkey":false,"compat_wrappedjsobject":false,"compatopts_for_requires":true,"noframes":null,"override":{"merge_connects":true,"merge_excludes":true,"merge_includes":true,"merge_matches":true,"orig_excludes":[],"orig_includes":[],"orig_matches":["https://2.taobao.com/*","https://s.2.taobao.com/*"],"orig_noframes":null,"orig_run_at":"document-idle","use_blockers":[],"use_connects":[],"use_excludes":[],"use_includes":[],"use_matches":[]},"run_at":null},"settings":{"enabled":true,"position":20},"meta":{"name":"XianYu Search","uuid":"a6d8e0ee-9246-4ac7-89fc-176b9a3a554f","modified":1517233317301,"file_url":"https://greasyfork.org/scripts/37103-%E9%97%B2%E9%B1%BC%E6%90%9C%E7%B4%A2/code/%E9%97%B2%E9%B1%BC%E6%90%9C%E7%B4%A2.user.js"}}