{"options":{"awareOfChrome":false,"check_for_updates":true,"comment":null,"compat_arrayleft":false,"compat_foreach":false,"compat_forvarin":false,"compat_metadata":false,"compat_uW_gmonkey":false,"compat_wrappedjsobject":false,"compatopts_for_requires":true,"noframes":null,"override":{"merge_connects":true,"merge_excludes":true,"merge_includes":true,"merge_matches":true,"orig_excludes":[],"orig_includes":[],"orig_matches":["https://www.yifile.com/*"],"orig_noframes":null,"orig_run_at":"document-idle","use_blockers":[],"use_connects":[],"use_excludes":[],"use_includes":[],"use_matches":[]},"run_at":null},"settings":{"enabled":true,"position":15},"meta":{"name":"yifile网盘跳过等待","uuid":"e688d298-ae17-437c-b79e-30e6b570884d","modified":1519999830199,"file_url":"https://greasyfork.org/scripts/25931-yifile%E7%BD%91%E7%9B%98%E8%B7%B3%E8%BF%87%E7%AD%89%E5%BE%85/code/yifile%E7%BD%91%E7%9B%98%E8%B7%B3%E8%BF%87%E7%AD%89%E5%BE%85.user.js"}}