{"options":{"awareOfChrome":false,"check_for_updates":true,"comment":null,"compat_arrayleft":false,"compat_foreach":false,"compat_forvarin":false,"compat_metadata":false,"compat_uW_gmonkey":false,"compat_wrappedjsobject":false,"compatopts_for_requires":true,"noframes":null,"override":{"merge_connects":true,"merge_excludes":true,"merge_includes":true,"merge_matches":true,"orig_excludes":[],"orig_includes":[],"orig_matches":["http://www.zimuzu.tv/resource/*"],"orig_noframes":null,"orig_run_at":"document-idle","use_blockers":[],"use_connects":[],"use_excludes":[],"use_includes":[],"use_matches":[]},"run_at":null},"settings":{"enabled":true,"position":28},"meta":{"name":"ZiMuZu旧下载列表恢复","uuid":"9947ee3f-64ba-43bd-b549-d71cd7249df2","modified":1524571082183,"file_url":"https://greasyfork.org/scripts/38874-zimuzu%E6%97%A7%E4%B8%8B%E8%BD%BD%E5%88%97%E8%A1%A8%E6%81%A2%E5%A4%8D/code/ZiMuZu%E6%97%A7%E4%B8%8B%E8%BD%BD%E5%88%97%E8%A1%A8%E6%81%A2%E5%A4%8D.user.js"}}