{"options":{"awareOfChrome":false,"check_for_updates":true,"comment":null,"compat_arrayleft":false,"compat_foreach":false,"compat_forvarin":false,"compat_metadata":false,"compat_uW_gmonkey":false,"compat_wrappedjsobject":false,"compatopts_for_requires":true,"noframes":null,"override":{"merge_connects":true,"merge_excludes":true,"merge_includes":true,"merge_matches":true,"orig_excludes":[],"orig_includes":[],"orig_matches":["https://post.smzdm.com/*","https://test.smzdm.com/pingce/p/*","https://test.smzdm.com/pingce/preview/*","https://test.smzdm.com/user/zhongce/baogao","https://test.smzdm.com/user/zhongce/baogao/p*","https://zhiyou.smzdm.com/member/*"],"orig_noframes":null,"orig_run_at":"document-idle","use_blockers":[],"use_connects":[],"use_excludes":[],"use_includes":[],"use_matches":[]},"run_at":null},"settings":{"enabled":true,"position":35},"meta":{"name":"什么值得买 浏览优化","uuid":"869aca56-8db1-49b9-9b02-ece53ef75228","modified":1528707583134,"file_url":"https://greasyfork.org/scripts/39181-%E4%BB%80%E4%B9%88%E5%80%BC%E5%BE%97%E4%B9%B0-%E6%B5%8F%E8%A7%88%E4%BC%98%E5%8C%96/code/%E4%BB%80%E4%B9%88%E5%80%BC%E5%BE%97%E4%B9%B0%20%E6%B5%8F%E8%A7%88%E4%BC%98%E5%8C%96.user.js"}}