{"options":{"awareOfChrome":false,"check_for_updates":true,"comment":null,"compat_arrayleft":false,"compat_foreach":false,"compat_forvarin":false,"compat_metadata":false,"compat_uW_gmonkey":false,"compat_wrappedjsobject":false,"compatopts_for_requires":true,"noframes":null,"override":{"merge_connects":true,"merge_excludes":true,"merge_includes":true,"merge_matches":true,"orig_excludes":[],"orig_includes":[],"orig_matches":["*://www.52pojie.cn/thread*","*://pan.baidu.com/share/*"],"orig_noframes":null,"orig_run_at":"document-idle","use_blockers":[],"use_connects":[],"use_excludes":[],"use_includes":[],"use_matches":[]},"run_at":null},"settings":{"enabled":true,"position":13},"meta":{"name":"吾爱破解网盘激活&提取码自动补全","uuid":"c615d5d0-a19e-4c54-8cf3-4c12da9afad9","modified":1525441631901,"file_url":"https://greasyfork.org/scripts/30117-%E5%90%BE%E7%88%B1%E7%A0%B4%E8%A7%A3%E7%BD%91%E7%9B%98%E6%BF%80%E6%B4%BB-%E6%8F%90%E5%8F%96%E7%A0%81%E8%87%AA%E5%8A%A8%E8%A1%A5%E5%85%A8/code/%E5%90%BE%E7%88%B1%E7%A0%B4%E8%A7%A3%E7%BD%91%E7%9B%98%E6%BF%80%E6%B4%BB%E6%8F%90%E5%8F%96%E7%A0%81%E8%87%AA%E5%8A%A8%E8%A1%A5%E5%85%A8.user.js"}}