{"options":{"awareOfChrome":false,"check_for_updates":true,"comment":null,"compat_arrayleft":false,"compat_foreach":false,"compat_forvarin":false,"compat_metadata":false,"compat_uW_gmonkey":false,"compat_wrappedjsobject":false,"compatopts_for_requires":true,"noframes":null,"override":{"merge_connects":true,"merge_excludes":true,"merge_includes":true,"merge_matches":true,"orig_excludes":[],"orig_includes":["*ctfile.com*","*ctfile.net*","*pipipan.com*","*6pan.cc/file-*html","*666pan.cc/file-*html","*777pan.cc/file-*html","*888pan.cc/file-*html"],"orig_matches":[],"orig_noframes":null,"orig_run_at":"document-idle","use_blockers":[],"use_connects":[],"use_excludes":[],"use_includes":[],"use_matches":[]},"run_at":null},"settings":{"enabled":true,"position":5},"meta":{"name":"城通网盘、皮皮盘、牛盘显示正确下载地址","uuid":"b7a8c66f-4ca3-42b3-b2b4-0b2343c8b177","modified":1525720563968,"file_url":"https://greasyfork.org/scripts/25270-%E5%9F%8E%E9%80%9A%E7%BD%91%E7%9B%98%E7%9A%AE%E7%9A%AE%E7%9B%98%E6%98%BE%E7%A4%BA%E6%AD%A3%E7%A1%AE%E4%B8%8B%E8%BD%BD%E5%9C%B0%E5%9D%80/code/%E5%9F%8E%E9%80%9A%E7%BD%91%E7%9B%98%E7%9A%AE%E7%9A%AE%E7%9B%98%E6%98%BE%E7%A4%BA%E6%AD%A3%E7%A1%AE%E4%B8%8B%E8%BD%BD%E5%9C%B0%E5%9D%80.user.js"}}