{"options":{"awareOfChrome":false,"check_for_updates":true,"comment":null,"compat_arrayleft":false,"compat_foreach":false,"compat_forvarin":false,"compat_metadata":false,"compat_uW_gmonkey":false,"compat_wrappedjsobject":false,"compatopts_for_requires":true,"noframes":null,"override":{"merge_connects":true,"merge_excludes":true,"merge_includes":true,"merge_matches":true,"orig_excludes":[],"orig_includes":[],"orig_matches":["http*://www.zmz2017.com/subtitle/*","http*://www.zimuzu.tv/subtitle/*"],"orig_noframes":null,"orig_run_at":"document-idle","use_blockers":[],"use_connects":[],"use_excludes":[],"use_includes":[],"use_matches":[]},"run_at":null},"settings":{"enabled":true,"position":29},"meta":{"name":"字幕组字幕下载页面扩展脚本","uuid":"424a14e3-e64b-40f9-a919-bf2a800c5ce5","modified":1524571196694,"file_url":"https://greasyfork.org/scripts/27167-%E5%AD%97%E5%B9%95%E7%BB%84%E5%AD%97%E5%B9%95%E4%B8%8B%E8%BD%BD%E9%A1%B5%E9%9D%A2%E6%89%A9%E5%B1%95%E8%84%9A%E6%9C%AC/code/%E5%AD%97%E5%B9%95%E7%BB%84%E5%AD%97%E5%B9%95%E4%B8%8B%E8%BD%BD%E9%A1%B5%E9%9D%A2%E6%89%A9%E5%B1%95%E8%84%9A%E6%9C%AC.user.js"}}