{"options":{"awareOfChrome":false,"check_for_updates":true,"comment":null,"compat_arrayleft":false,"compat_foreach":false,"compat_forvarin":false,"compat_metadata":false,"compat_uW_gmonkey":false,"compat_wrappedjsobject":false,"compatopts_for_requires":true,"noframes":null,"override":{"merge_connects":true,"merge_excludes":true,"merge_includes":true,"merge_matches":true,"orig_excludes":[],"orig_includes":["/^https?://(yun|pan)\\.baidu\\.com\\/(s(hare)?|disk)\\/*/"],"orig_matches":[],"orig_noframes":null,"orig_run_at":"document-idle","use_blockers":[],"use_connects":[],"use_excludes":[],"use_includes":[],"use_matches":[]},"run_at":null},"settings":{"enabled":true,"position":22},"meta":{"name":"度盘文件列表、分享页面显示MD5","uuid":"a6e3f3ae-9131-4b03-8304-74285098f0c5","modified":1521906568278,"file_url":"https://greasyfork.org/scripts/38141-%E5%BA%A6%E7%9B%98%E6%96%87%E4%BB%B6%E5%88%97%E8%A1%A8-%E5%88%86%E4%BA%AB%E9%A1%B5%E9%9D%A2%E6%98%BE%E7%A4%BAmd5/code/%E5%BA%A6%E7%9B%98%E6%96%87%E4%BB%B6%E5%88%97%E8%A1%A8%E3%80%81%E5%88%86%E4%BA%AB%E9%A1%B5%E9%9D%A2%E6%98%BE%E7%A4%BAMD5.user.js"}}