{"options":{"awareOfChrome":false,"check_for_updates":true,"comment":null,"compat_arrayleft":false,"compat_foreach":false,"compat_forvarin":false,"compat_metadata":false,"compat_uW_gmonkey":false,"compat_wrappedjsobject":false,"compatopts_for_requires":true,"noframes":null,"override":{"merge_connects":true,"merge_excludes":true,"merge_includes":true,"merge_matches":true,"orig_excludes":["http*://pan.baidu.com/disk/home*search*"],"orig_includes":[],"orig_matches":["http*://pan.baidu.com/disk/home*"],"orig_noframes":null,"orig_run_at":"document-idle","use_blockers":[],"use_connects":[],"use_excludes":[],"use_includes":[],"use_matches":[]},"run_at":null},"settings":{"enabled":true,"position":9},"meta":{"name":"度盘给我播！","uuid":"c3909534-11a2-450f-8049-77e66a7a4833","modified":1506595008280,"file_url":"https://greasyfork.org/scripts/33039-%E5%BA%A6%E7%9B%98%E7%BB%99%E6%88%91%E6%92%AD/code/%E5%BA%A6%E7%9B%98%E7%BB%99%E6%88%91%E6%92%AD%EF%BC%81.user.js"}}