{"options":{"awareOfChrome":false,"check_for_updates":true,"comment":null,"compat_arrayleft":false,"compat_foreach":false,"compat_forvarin":false,"compat_metadata":false,"compat_uW_gmonkey":false,"compat_wrappedjsobject":false,"compatopts_for_requires":true,"noframes":null,"override":{"merge_connects":true,"merge_excludes":true,"merge_includes":true,"merge_matches":true,"orig_connects":["dict.youdao.com","translate.google.cn"],"orig_excludes":[],"orig_includes":["http*"],"orig_matches":[],"orig_noframes":null,"orig_run_at":"document-idle","use_blockers":[],"use_connects":[],"use_excludes":[],"use_includes":[],"use_matches":[]},"run_at":null},"settings":{"enabled":true,"position":24},"meta":{"name":"智能划词翻译","uuid":"47e8b07e-190b-4160-b62d-db5a28103563","modified":1530133251690,"file_url":"https://greasyfork.org/scripts/41076-%E6%99%BA%E8%83%BD%E5%88%92%E8%AF%8D%E7%BF%BB%E8%AF%91/code/%E6%99%BA%E8%83%BD%E5%88%92%E8%AF%8D%E7%BF%BB%E8%AF%91.user.js"}}