{"options":{"awareOfChrome":false,"check_for_updates":true,"comment":null,"compat_arrayleft":false,"compat_foreach":false,"compat_forvarin":false,"compat_metadata":false,"compat_uW_gmonkey":false,"compat_wrappedjsobject":false,"compatopts_for_requires":true,"noframes":null,"override":{"merge_connects":true,"merge_excludes":true,"merge_includes":true,"merge_matches":true,"orig_excludes":[],"orig_includes":[],"orig_matches":["http://www.dytt8.net/","*://www.dy2018.com/*","*://www.ygdy8.com/*","*://www.dygod.net/*","*://www.dytt8.net/*"],"orig_noframes":null,"orig_run_at":"document-idle","use_blockers":[],"use_connects":[],"use_excludes":[],"use_includes":[],"use_matches":[]},"run_at":null},"settings":{"enabled":true,"position":26},"meta":{"name":"电影天堂广告去除及电影链接直接显示","uuid":"aded06f9-a957-4123-8f91-18f3bf7cd911","modified":1524385441160,"file_url":"https://greasyfork.org/scripts/37164-%E7%94%B5%E5%BD%B1%E5%A4%A9%E5%A0%82%E5%B9%BF%E5%91%8A%E5%8E%BB%E9%99%A4%E5%8F%8A%E7%94%B5%E5%BD%B1%E9%93%BE%E6%8E%A5%E7%9B%B4%E6%8E%A5%E6%98%BE%E7%A4%BA/code/%E7%94%B5%E5%BD%B1%E5%A4%A9%E5%A0%82%E5%B9%BF%E5%91%8A%E5%8E%BB%E9%99%A4%E5%8F%8A%E7%94%B5%E5%BD%B1%E9%93%BE%E6%8E%A5%E7%9B%B4%E6%8E%A5%E6%98%BE%E7%A4%BA.user.js"}}