{"options":{"awareOfChrome":false,"check_for_updates":true,"comment":null,"compat_arrayleft":false,"compat_foreach":false,"compat_forvarin":false,"compat_metadata":false,"compat_uW_gmonkey":false,"compat_wrappedjsobject":false,"compatopts_for_requires":true,"noframes":null,"override":{"merge_connects":true,"merge_excludes":true,"merge_includes":true,"merge_matches":true,"orig_excludes":[],"orig_includes":[],"orig_matches":["*://pan.baidu.com/*","*://yun.baidu.com/*"],"orig_noframes":null,"orig_run_at":"document-start","use_blockers":[],"use_connects":[],"use_excludes":[],"use_includes":[],"use_matches":[]},"run_at":null},"settings":{"enabled":true,"position":25},"meta":{"name":"百度云增强：屏蔽云管家直接下载与阻止WAP版跳转PC版（支持Chrome）","uuid":"313136a5-f586-4532-a53e-590005f5279f","modified":1524127614196,"file_url":"https://greasyfork.org/scripts/24522-%E7%99%BE%E5%BA%A6%E4%BA%91%E5%A2%9E%E5%BC%BA-%E5%B1%8F%E8%94%BD%E4%BA%91%E7%AE%A1%E5%AE%B6%E7%9B%B4%E6%8E%A5%E4%B8%8B%E8%BD%BD%E4%B8%8E%E9%98%BB%E6%AD%A2wap%E7%89%88%E8%B7%B3%E8%BD%ACpc%E7%89%88-%E6%94%AF%E6%8C%81chrome/code/%E7%99%BE%E5%BA%A6%E4%BA%91%E5%A2%9E%E5%BC%BA%EF%BC%9A%E5%B1%8F%E8%94%BD%E4%BA%91%E7%AE%A1%E5%AE%B6%E7%9B%B4%E6%8E%A5%E4%B8%8B%E8%BD%BD%E4%B8%8E%E9%98%BB%E6%AD%A2WAP%E7%89%88%E8%B7%B3%E8%BD%ACPC%E7%89%88%EF%BC%88%E6%94%AF%E6%8C%81Chrome%EF%BC%89.user.js"}}