{"data":{"CatPW":"o{\"date\":\"2018/6/22\",\"sCode\":\"\",\"unPW\":\"\",\"Src\":\"https://pan.baidu.com/s/1cK3fa0gkxkvPh0eLJMUcNA\",\"surl\":\"\",\"Hash\":\"\",\"webSrc\":\"http%3A%2F%2Fwww.zdfans.com%2Fhtml%2F5904.html\",\"webTitle\":\"FastCopy%203.51%20%E7%BB%BF%E8%89%B2%E6%B1%89%E5%8C%96%E7%89%88%E5%8F%8A%E7%AC%AC%E4%B8%89%E6%96%B9%E5%A2%9E%E5%BC%BA%E7%89%88_zd423%20-%20%E8%BD%AF%E4%BB%B6%E5%88%86%E4%BA%AB%E5%B9%B3%E5%8F%B0%E9%A2%86%E8%B7%91%E8%80%85\"}","CatPW_Manage":"o{\"StorageSave\":true,\"StorageExp\":7,\"UpdataConfig\":{\"UpdataSave\":true,\"UpdataNotify\":true,\"UpdataPlugin\":true,\"UpdataVersion\":\"3.7.2\"}}"},"ts":1529634718480}