{"options":{"awareOfChrome":false,"check_for_updates":true,"comment":null,"compat_arrayleft":false,"compat_foreach":false,"compat_forvarin":false,"compat_metadata":false,"compat_uW_gmonkey":false,"compat_wrappedjsobject":false,"compatopts_for_requires":true,"noframes":null,"override":{"merge_connects":true,"merge_excludes":true,"merge_includes":true,"merge_matches":true,"orig_excludes":[],"orig_includes":[],"orig_matches":["*://www.dy2018.com/*","*://www.ygdy8.com/*","*://www.dygod.net/*","*://www.dytt8.net/*"],"orig_noframes":null,"orig_run_at":"document-end","use_blockers":[],"use_connects":[],"use_excludes":[],"use_includes":[],"use_matches":[]},"run_at":null},"settings":{"enabled":true,"position":27},"meta":{"name":"自动替换电影天堂下载链接为迅雷链接","uuid":"15d42579-ad8d-4101-a149-1a2b32fb3a7d","modified":1524385384618,"file_url":"https://greasyfork.org/scripts/33261-%E8%87%AA%E5%8A%A8%E6%9B%BF%E6%8D%A2%E7%94%B5%E5%BD%B1%E5%A4%A9%E5%A0%82%E4%B8%8B%E8%BD%BD%E9%93%BE%E6%8E%A5%E4%B8%BA%E8%BF%85%E9%9B%B7%E9%93%BE%E6%8E%A5/code/%E8%87%AA%E5%8A%A8%E6%9B%BF%E6%8D%A2%E7%94%B5%E5%BD%B1%E5%A4%A9%E5%A0%82%E4%B8%8B%E8%BD%BD%E9%93%BE%E6%8E%A5%E4%B8%BA%E8%BF%85%E9%9B%B7%E9%93%BE%E6%8E%A5.user.js"}}