{"options":{"awareOfChrome":false,"check_for_updates":true,"comment":null,"compat_arrayleft":false,"compat_foreach":false,"compat_forvarin":false,"compat_metadata":false,"compat_uW_gmonkey":false,"compat_wrappedjsobject":false,"compatopts_for_requires":true,"noframes":null,"override":{"merge_connects":true,"merge_excludes":true,"merge_includes":true,"merge_matches":true,"orig_excludes":[],"orig_includes":[],"orig_matches":["*/thread*.*","*/forum.php?mod==viewthread","*/forum.php?mod=viewthread","*/forum/forum.php?mod=viewthread","*/forum/thread*.*","*/bbs/forum.php?mod=viewthread","*/forum.php?mod=post"],"orig_noframes":null,"orig_run_at":"document-idle","use_blockers":[],"use_connects":[],"use_excludes":[],"use_includes":[],"use_matches":[]},"run_at":null},"settings":{"enabled":true,"position":34},"meta":{"name":"论坛快捷回帖","uuid":"6442549a-1197-47af-8a6d-363374f4afd7","modified":1528707142546,"file_url":"https://greasyfork.org/scripts/36728-%E8%AE%BA%E5%9D%9B%E5%BF%AB%E6%8D%B7%E5%9B%9E%E5%B8%96/code/%E8%AE%BA%E5%9D%9B%E5%BF%AB%E6%8D%B7%E5%9B%9E%E5%B8%96.user.js"}}