{"options":{"awareOfChrome":false,"check_for_updates":true,"comment":null,"compat_arrayleft":false,"compat_foreach":false,"compat_forvarin":false,"compat_metadata":false,"compat_uW_gmonkey":false,"compat_wrappedjsobject":false,"compatopts_for_requires":true,"noframes":null,"override":{"merge_connects":true,"merge_excludes":true,"merge_includes":true,"merge_matches":true,"orig_excludes":[],"orig_includes":["http*://item.taobao.com/*","http*://detail.tmall.com/item.htm*","http*://chaoshi.detail.tmall.com/item.htm*","http*://item.jd.com/*"],"orig_matches":[],"orig_noframes":null,"orig_run_at":"document-idle","use_blockers":[],"use_connects":[],"use_excludes":[],"use_includes":[],"use_matches":[]},"run_at":null},"settings":{"enabled":false,"position":32},"meta":{"name":"购物党比价工具【精简版】","uuid":"7c2b5f22-2964-441f-86ef-5f582a811adf","modified":1528707112487,"file_url":"https://greasyfork.org/scripts/40303-%E8%B4%AD%E7%89%A9%E5%85%9A%E6%AF%94%E4%BB%B7%E5%B7%A5%E5%85%B7-%E7%B2%BE%E7%AE%80%E7%89%88/code/%E8%B4%AD%E7%89%A9%E5%85%9A%E6%AF%94%E4%BB%B7%E5%B7%A5%E5%85%B7%E3%80%90%E7%B2%BE%E7%AE%80%E7%89%88%E3%80%91.user.js"}}