{"options":{"awareOfChrome":false,"check_for_updates":true,"comment":null,"compat_arrayleft":false,"compat_foreach":false,"compat_forvarin":false,"compat_metadata":false,"compat_uW_gmonkey":false,"compat_wrappedjsobject":false,"compatopts_for_requires":true,"noframes":null,"override":{"merge_connects":true,"merge_excludes":true,"merge_includes":true,"merge_matches":true,"orig_excludes":["*baidu.com*"],"orig_includes":["*"],"orig_matches":[],"orig_noframes":null,"orig_run_at":"document-end","use_blockers":[],"use_connects":[],"use_excludes":[],"use_includes":[],"use_matches":[]},"run_at":null},"settings":{"enabled":true,"position":19},"meta":{"name":"超简易解除网页限制","uuid":"f7174973-5dec-4c12-b3f3-f86a380c61d2","modified":1517233181608,"file_url":"https://greasyfork.org/scripts/32116-%E8%B6%85%E7%AE%80%E6%98%93%E8%A7%A3%E9%99%A4%E7%BD%91%E9%A1%B5%E9%99%90%E5%88%B6/code/%E8%B6%85%E7%AE%80%E6%98%93%E8%A7%A3%E9%99%A4%E7%BD%91%E9%A1%B5%E9%99%90%E5%88%B6.user.js"}}