{"options":{"awareOfChrome":false,"check_for_updates":true,"comment":null,"compat_arrayleft":false,"compat_foreach":false,"compat_forvarin":false,"compat_metadata":false,"compat_uW_gmonkey":false,"compat_wrappedjsobject":false,"compatopts_for_requires":true,"noframes":null,"override":{"merge_connects":true,"merge_excludes":true,"merge_includes":true,"merge_matches":true,"orig_connects":[],"orig_excludes":[],"orig_includes":[],"orig_matches":["https://2.taobao.com/*","https://s.2.taobao.com/*","https://trade.2.taobao.com/*","http://s.ershou.taobao.com/*"],"orig_noframes":null,"orig_run_at":"document-idle","use_blockers":[],"use_connects":[],"use_excludes":[],"use_includes":[],"use_matches":[]},"run_at":null},"settings":{"enabled":true,"position":37},"meta":{"name":"闲鱼搜索框+宝贝标题+去二维码","uuid":"6bf8ba3b-d647-4c3e-9301-b26e1f9b0819","modified":1529682088671,"file_url":"https://greasyfork.org/scripts/39161-%E9%97%B2%E9%B1%BC%E6%90%9C%E7%B4%A2%E6%A1%86-%E5%AE%9D%E8%B4%9D%E6%A0%87%E9%A2%98-%E5%8E%BB%E4%BA%8C%E7%BB%B4%E7%A0%81/code/%E9%97%B2%E9%B1%BC%E6%90%9C%E7%B4%A2%E6%A1%86+%E5%AE%9D%E8%B4%9D%E6%A0%87%E9%A2%98+%E5%8E%BB%E4%BA%8C%E7%BB%B4%E7%A0%81.user.js"}}