{"options":{"awareOfChrome":false,"check_for_updates":true,"comment":null,"compat_arrayleft":false,"compat_foreach":false,"compat_forvarin":false,"compat_metadata":false,"compat_uW_gmonkey":false,"compat_wrappedjsobject":false,"compatopts_for_requires":true,"noframes":null,"override":{"merge_connects":true,"merge_excludes":true,"merge_includes":true,"merge_matches":true,"orig_excludes":[],"orig_includes":[],"orig_matches":["http://maijz128.github.io/AutoUnlock/AutoUnlock/?open=*","https://maijz128.github.io/AutoUnlock/AutoUnlock/?open=*","http://pan.baidu.com/share/init?*","https://pan.baidu.com/share/init?*","http://localhost:8094/AutoUnlock/?open=*"],"orig_noframes":null,"orig_run_at":"document-idle","use_blockers":[],"use_connects":[],"use_excludes":[],"use_includes":[],"use_matches":[]},"run_at":null},"settings":{"enabled":true,"position":7},"meta":{"name":"AutoUnlock","uuid":"65cc0249-c5ce-4493-a3e4-5b3fd019b6fb","modified":1506595009549,"file_url":"https://greasyfork.org/scripts/31324-autounlock/code/AutoUnlock.user.js"}}