{"options":{"check_for_updates":true,"comment":null,"compatopts_for_requires":true,"compat_wrappedjsobject":false,"compat_metadata":false,"compat_foreach":false,"compat_arrayleft":false,"compat_uW_gmonkey":false,"compat_forvarin":false,"noframes":null,"awareOfChrome":false,"run_at":null,"override":{"use_includes":[],"orig_includes":[],"merge_includes":true,"use_matches":[],"orig_matches":["http://maijz128.github.io/AutoUnlock/AutoUnlock/?open=*","https://maijz128.github.io/AutoUnlock/AutoUnlock/?open=*","http://pan.baidu.com/share/init?*","https://pan.baidu.com/share/init?*","http://localhost:8094/AutoUnlock/?open=*"],"merge_matches":true,"use_excludes":[],"orig_excludes":[],"merge_excludes":true,"use_connects":[],"merge_connects":true,"use_blockers":[],"orig_run_at":"document-idle","orig_noframes":null}},"settings":{"enabled":true,"position":7},"meta":{"name":"AutoUnlock","uuid":"65cc0249-c5ce-4493-a3e4-5b3fd019b6fb","modified":1506595009549,"file_url":"https://greasyfork.org/scripts/31324-autounlock/code/AutoUnlock.user.js"}}