{"options":{"awareOfChrome":false,"check_for_updates":true,"comment":null,"compat_arrayleft":false,"compat_foreach":false,"compat_forvarin":false,"compat_metadata":false,"compat_uW_gmonkey":false,"compat_wrappedjsobject":false,"compatopts_for_requires":true,"noframes":null,"override":{"merge_connects":true,"merge_excludes":true,"merge_includes":true,"merge_matches":true,"orig_excludes":[],"orig_includes":["*://*.le.com/*","*://*.iqiyi.com/*html*","*://v.qq.com/*","*://*.cctv.com/*","*://www.mgtv.com/*/*.html*","*://zt.mgtv.com/act/*","*://www.mgtv.com/news","*://www.mgtv.com/live","*://live.mgtv.com*","*://*.icourse163.org/*","*://open.163.com/movie*","*://study.163.com/course/courseLearn*","*://mooc.study.163.com/learn/*","*://live.bilibili.com/*"],"orig_matches":[],"orig_noframes":null,"orig_run_at":"document-start","use_blockers":[],"use_connects":[],"use_excludes":[],"use_includes":[],"use_matches":[]},"run_at":null},"settings":{"enabled":true,"position":4},"meta":{"name":"bye-flash-hello-html5 | 再见flash 你好html5","uuid":"9d1c824f-0876-43b4-8993-dc30c6609c4c","modified":1506595009266,"file_url":"https://greasyfork.org/scripts/30879-bye-flash-hello-html5-%E5%86%8D%E8%A7%81flash-%E4%BD%A0%E5%A5%BDhtml5/code/bye-flash-hello-html5%20%7C%20%E5%86%8D%E8%A7%81flash%20%E4%BD%A0%E5%A5%BDhtml5.user.js"}}