{"options":{"check_for_updates":true,"comment":null,"compatopts_for_requires":true,"compat_wrappedjsobject":false,"compat_metadata":false,"compat_foreach":false,"compat_arrayleft":false,"compat_uW_gmonkey":false,"compat_forvarin":false,"noframes":null,"awareOfChrome":false,"run_at":null,"override":{"use_includes":[],"orig_includes":["*://*.le.com/*","*://*.iqiyi.com/*html*","*://v.qq.com/*","*://y.qq.com/*","*://tv.cctv.com/*","*://*.cntv.cn/video/*","*://www.mgtv.com/*/*.html*","*://m.mgtv.com/*","*://zt.mgtv.com/act/*","*://www.mgtv.com/news","*://www.mgtv.com/live","*://live.mgtv.com*","*://*.icourse163.org/*","*://open.163.com/movie*","*://m.open.163.com/movie*","*://study.163.com/course/courseLearn*","*://mooc.study.163.com/learn/*","*://*.sohu.com/*html*","*://live.bilibili.com/*"],"merge_includes":true,"use_matches":[],"orig_matches":[],"merge_matches":true,"use_excludes":[],"orig_excludes":[],"merge_excludes":true,"use_connects":[],"merge_connects":true,"use_blockers":[],"orig_run_at":"document-start","orig_noframes":null}},"settings":{"enabled":true,"position":4},"meta":{"name":"bye-flash-hello-html5 | 再见flash 你好html5","uuid":"9d1c824f-0876-43b4-8993-dc30c6609c4c","modified":1510461405147,"file_url":"https://greasyfork.org/scripts/30879-bye-flash-hello-html5-%E5%86%8D%E8%A7%81flash-%E4%BD%A0%E5%A5%BDhtml5/code/bye-flash-hello-html5%20%7C%20%E5%86%8D%E8%A7%81flash%20%E4%BD%A0%E5%A5%BDhtml5.user.js"}}