{"options":{"check_for_updates":true,"comment":null,"compatopts_for_requires":true,"compat_wrappedjsobject":false,"compat_metadata":false,"compat_foreach":false,"compat_arrayleft":false,"compat_uW_gmonkey":false,"compat_forvarin":false,"noframes":null,"awareOfChrome":false,"run_at":null,"override":{"use_includes":[],"orig_includes":[],"merge_includes":true,"use_matches":[],"orig_matches":["*://download.mokeedev.com/*"],"merge_matches":true,"use_excludes":[],"orig_excludes":[],"merge_excludes":true,"use_connects":[],"merge_connects":true,"use_blockers":[],"orig_run_at":"document-end","orig_noframes":null}},"settings":{"enabled":false,"position":17},"meta":{"name":"download.mokeedev.com","uuid":"7fc12bb4-790d-4bb3-8314-c7af1df94ce7","modified":1500661648430,"file_url":"https://greasyfork.org/scripts/28480-download-mokeedev-com/code/downloadmokeedevcom.user.js"}}