{"options":{"check_for_updates":true,"comment":null,"compatopts_for_requires":true,"compat_wrappedjsobject":false,"compat_metadata":false,"compat_foreach":false,"compat_arrayleft":false,"compat_uW_gmonkey":false,"compat_forvarin":false,"noframes":null,"awareOfChrome":false,"run_at":null,"override":{"use_includes":[],"orig_includes":[],"merge_includes":true,"use_matches":[],"orig_matches":["*://pan.baidu.com/disk/home*","*://yun.baidu.com/disk/home*","*://pan.baidu.com/s/*","*://yun.baidu.com/s/*","*://pan.baidu.com/share/link?*","*://yun.baidu.com/share/link?*","*://eyun.baidu.com/s/*"],"merge_matches":true,"use_excludes":[],"orig_excludes":[],"merge_excludes":true,"use_connects":[],"merge_connects":true,"use_blockers":[],"orig_run_at":"document-end","orig_noframes":null}},"settings":{"enabled":true,"position":9},"meta":{"name":"EX-百度云盘","uuid":"3a952e70-597c-41b1-96d0-12ccf68a0644","modified":1500382901438,"file_url":"https://greasyfork.org/scripts/26638-ex-%E7%99%BE%E5%BA%A6%E4%BA%91%E7%9B%98/code/EX-%E7%99%BE%E5%BA%A6%E4%BA%91%E7%9B%98.user.js"}}