{"options":{"check_for_updates":true,"comment":null,"compatopts_for_requires":true,"compat_wrappedjsobject":false,"compat_metadata":false,"compat_foreach":false,"compat_arrayleft":false,"compat_uW_gmonkey":false,"compat_forvarin":false,"noframes":null,"awareOfChrome":false,"run_at":null,"override":{"use_includes":[],"orig_includes":["http*://www.baidu.com/*","http*://m.baidu.com/*"],"merge_includes":true,"use_matches":[],"orig_matches":[],"merge_matches":true,"use_excludes":[],"orig_excludes":[],"merge_excludes":true,"use_connects":[],"merge_connects":true,"use_blockers":[],"orig_run_at":"document-start","orig_noframes":null}},"settings":{"enabled":true,"position":24},"meta":{"name":"Kill Baidu AD","uuid":"eb27f23e-602f-4a76-a5e4-cafc7b6f6e1b","modified":1508686263445,"file_url":"https://greasyfork.org/scripts/24192-kill-baidu-ad/code/Kill%20Baidu%20AD.user.js"}}