{"options":{"check_for_updates":true,"comment":null,"compatopts_for_requires":true,"compat_wrappedjsobject":false,"compat_metadata":false,"compat_foreach":false,"compat_arrayleft":false,"compat_uW_gmonkey":false,"compat_forvarin":false,"noframes":null,"awareOfChrome":false,"run_at":null,"override":{"use_includes":[],"orig_includes":["/^https?:\\/\\/(.+\\.)?github\\./","http://bbs.3dmgame.com/*","http://bbs.kafan.cn/*","http://forum.gamer.com.tw/*","http://poedb.tw/dps*","http://tieba.baidu.com/*","https://forum.gamer.com.tw/*","https://login.taobao.com/*","https://login.xiami.com/*","https://passport.jd.com/*","https://www.chiphell.com/*"],"merge_includes":true,"use_matches":[],"orig_matches":[],"merge_matches":true,"use_excludes":[],"orig_excludes":[],"merge_excludes":true,"use_connects":[],"merge_connects":true,"use_blockers":[],"orig_run_at":"document-idle","orig_noframes":null}},"settings":{"enabled":true,"position":35},"meta":{"name":"Tiny-Customize","uuid":"624a9cb4-1aed-4d29-aa66-99b8223ac193","modified":1510512187902,"file_url":"https://greasyfork.org/scripts/19823-tiny-customize/code/Tiny-Customize.user.js"}}