{"options":{"awareOfChrome":false,"check_for_updates":true,"comment":null,"compat_arrayleft":false,"compat_foreach":false,"compat_forvarin":false,"compat_metadata":false,"compat_uW_gmonkey":false,"compat_wrappedjsobject":false,"compatopts_for_requires":true,"noframes":null,"override":{"merge_connects":true,"merge_excludes":true,"merge_includes":true,"merge_matches":true,"orig_connects":[],"orig_excludes":[],"orig_includes":[],"orig_matches":["*://v.youku.com/v_show/*","*://*.iqiyi.com/v_*","*://*.iqiyi.com/dianying/*","*://*.le.com/ptv/vplay/*","*://v.qq.com/x/cover/*","*://v.qq.com/x/page/*","*://*.tudou.com/listplay/*","*://*.tudou.com/albumplay/*","*://*.tudou.com/programs/view/*","*://*.mgtv.com/b/*","*://film.sohu.com/album/*","*://*.acfun.cn/v/*","*://*.bilibili.com/video/*","*://*.bilibili.com/anime/*","*://vip.pptv.com/show/*","*://v.yinyuetai.com/video/*","*://v.yinyuetai.com/playlist/*","*://*.wasu.cn/Play/show/*"],"orig_noframes":null,"orig_run_at":"document-end","use_blockers":[],"use_connects":[],"use_excludes":[],"use_includes":[],"use_matches":[]},"run_at":null},"settings":{"enabled":true,"position":21},"meta":{"name":"VIP视频在线解析","uuid":"7dc84377-cb97-464e-8404-34dc1e1e5be6","modified":1508397502085,"file_url":"https://greasyfork.org/scripts/27349-vip%E8%A7%86%E9%A2%91%E5%9C%A8%E7%BA%BF%E8%A7%A3%E6%9E%90/code/VIP%E8%A7%86%E9%A2%91%E5%9C%A8%E7%BA%BF%E8%A7%A3%E6%9E%90.user.js"}}