{"options":{"check_for_updates":true,"comment":null,"compatopts_for_requires":true,"compat_wrappedjsobject":false,"compat_metadata":false,"compat_foreach":false,"compat_arrayleft":false,"compat_uW_gmonkey":false,"compat_forvarin":false,"noframes":null,"awareOfChrome":false,"run_at":null,"override":{"use_includes":[],"orig_includes":[],"merge_includes":true,"use_matches":[],"orig_matches":["https://www.yifile.com/*"],"merge_matches":true,"use_excludes":[],"orig_excludes":[],"merge_excludes":true,"use_connects":[],"merge_connects":true,"use_blockers":[],"orig_run_at":"document-idle","orig_noframes":null}},"settings":{"enabled":true,"position":30},"meta":{"name":"yifile网盘跳过等待","uuid":"e688d298-ae17-437c-b79e-30e6b570884d","modified":1510511532438,"file_url":"https://greasyfork.org/scripts/25931-yifile%E7%BD%91%E7%9B%98%E8%B7%B3%E8%BF%87%E7%AD%89%E5%BE%85/code/yifile%E7%BD%91%E7%9B%98%E8%B7%B3%E8%BF%87%E7%AD%89%E5%BE%85.user.js"}}