{"options":{"check_for_updates":true,"comment":null,"compatopts_for_requires":true,"compat_wrappedjsobject":false,"compat_metadata":false,"compat_foreach":false,"compat_arrayleft":false,"compat_uW_gmonkey":false,"compat_forvarin":false,"noframes":null,"awareOfChrome":false,"run_at":null,"override":{"use_includes":[],"orig_includes":["*://list.jd.com/list.html?*","*://search.jd.com/search?*","*://search.jd.com/Search?*"],"merge_includes":true,"use_matches":[],"orig_matches":[],"merge_matches":true,"use_excludes":[],"orig_excludes":[],"merge_excludes":true,"use_connects":[],"merge_connects":true,"use_blockers":[],"orig_run_at":"document-start","orig_noframes":null}},"settings":{"enabled":true,"position":26},"meta":{"name":"京东自营过滤","uuid":"898bc446-b39f-4488-a587-243681745f98","modified":1510461429152,"file_url":"https://greasyfork.org/scripts/33729-%E4%BA%AC%E4%B8%9C%E8%87%AA%E8%90%A5%E8%BF%87%E6%BB%A4/code/%E4%BA%AC%E4%B8%9C%E8%87%AA%E8%90%A5%E8%BF%87%E6%BB%A4.user.js"}}