{"options":{"check_for_updates":true,"comment":null,"compatopts_for_requires":true,"compat_wrappedjsobject":false,"compat_metadata":false,"compat_foreach":false,"compat_arrayleft":false,"compat_uW_gmonkey":false,"compat_forvarin":false,"noframes":null,"awareOfChrome":false,"run_at":null,"override":{"use_includes":[],"orig_includes":["http://www.baidu.com/*","https://www.baidu.com/*","https://www.google.com/*","/^https?\\:\\/\\/encrypted.google.[^\\/]+/","/^https?\\:\\/\\/www.google.[^\\/]+/","/^https?\\:\\/\\/www.so.com/","/^https?\\:\\/\\/www.youdao.com/"],"merge_includes":true,"use_matches":[],"orig_matches":[],"merge_matches":true,"use_excludes":[],"orig_excludes":[],"merge_excludes":true,"use_connects":[],"merge_connects":true,"use_blockers":[],"orig_run_at":"document-idle","orig_noframes":null}},"settings":{"enabled":true,"position":39},"meta":{"name":"从谷歌 百度 必应搜索结果中屏蔽自定义关键字 增强版（基于AC的脚本优化）","uuid":"ab33af8a-40e8-425b-97b4-1cb858a946e3","modified":1510512793468,"file_url":"https://greasyfork.org/scripts/32051-%E4%BB%8E%E8%B0%B7%E6%AD%8C-%E7%99%BE%E5%BA%A6-%E5%BF%85%E5%BA%94%E6%90%9C%E7%B4%A2%E7%BB%93%E6%9E%9C%E4%B8%AD%E5%B1%8F%E8%94%BD%E8%87%AA%E5%AE%9A%E4%B9%89%E5%85%B3%E9%94%AE%E5%AD%97-%E5%A2%9E%E5%BC%BA%E7%89%88-%E5%9F%BA%E4%BA%8Eac%E7%9A%84%E8%84%9A%E6%9C%AC%E4%BC%98%E5%8C%96/code/%E4%BB%8E%E8%B0%B7%E6%AD%8C%20%E7%99%BE%E5%BA%A6%20%E5%BF%85%E5%BA%94%E6%90%9C%E7%B4%A2%E7%BB%93%E6%9E%9C%E4%B8%AD%E5%B1%8F%E8%94%BD%E8%87%AA%E5%AE%9A%E4%B9%89%E5%85%B3%E9%94%AE%E5%AD%97%20%E5%A2%9E%E5%BC%BA%E7%89%88%EF%BC%88%E5%9F%BA%E4%BA%8EAC%E7%9A%84%E8%84%9A%E6%9C%AC%E4%BC%98%E5%8C%96%EF%BC%89.user.js"}}