{"options":{"check_for_updates":true,"comment":null,"compatopts_for_requires":true,"compat_wrappedjsobject":false,"compat_metadata":false,"compat_foreach":false,"compat_arrayleft":false,"compat_uW_gmonkey":false,"compat_forvarin":false,"noframes":null,"awareOfChrome":false,"run_at":null,"override":{"use_includes":[],"orig_includes":["http://pan.baidu.com/disk/home*","http://yun.baidu.com/disk/home*","https://pan.baidu.com/disk/home*","https://yun.baidu.com/disk/home*"],"merge_includes":true,"use_matches":[],"orig_matches":[],"merge_matches":true,"use_excludes":[],"orig_excludes":[],"merge_excludes":true,"use_connects":[],"merge_connects":true,"use_blockers":[],"orig_run_at":"document-start","orig_noframes":null}},"settings":{"enabled":false,"position":11},"meta":{"name":"仓库用度盘投稿助手","uuid":"3e5041b5-2d70-4beb-a18b-a2d4336e8a6d","modified":1503074268062,"file_url":"https://greasyfork.org/scripts/3285-%E4%BB%93%E5%BA%93%E7%94%A8%E5%BA%A6%E7%9B%98%E6%8A%95%E7%A8%BF%E5%8A%A9%E6%89%8B/code/%E4%BB%93%E5%BA%93%E7%94%A8%E5%BA%A6%E7%9B%98%E6%8A%95%E7%A8%BF%E5%8A%A9%E6%89%8B.user.js"}}