{"options":{"check_for_updates":true,"comment":null,"compatopts_for_requires":true,"compat_wrappedjsobject":false,"compat_metadata":false,"compat_foreach":false,"compat_arrayleft":false,"compat_uW_gmonkey":false,"compat_forvarin":false,"noframes":null,"awareOfChrome":false,"run_at":null,"override":{"use_includes":[],"orig_includes":[],"merge_includes":true,"use_matches":[],"orig_matches":["https://www.baidu.com/s?*","https://m.baidu.com/*"],"merge_matches":true,"use_excludes":[],"orig_excludes":[],"merge_excludes":true,"use_connects":[],"merge_connects":true,"use_blockers":[],"orig_run_at":"document-idle","orig_noframes":null}},"settings":{"enabled":true,"position":34},"meta":{"name":"去广告/去除百度推广以及无用功能","uuid":"7feb2ec7-1d7c-4f11-9259-d6acb42db9cd","modified":1510512127573,"file_url":"https://greasyfork.org/scripts/19759-%E5%8E%BB%E5%B9%BF%E5%91%8A-%E5%8E%BB%E9%99%A4%E7%99%BE%E5%BA%A6%E6%8E%A8%E5%B9%BF%E4%BB%A5%E5%8F%8A%E6%97%A0%E7%94%A8%E5%8A%9F%E8%83%BD/code/%E5%8E%BB%E5%B9%BF%E5%91%8A%E5%8E%BB%E9%99%A4%E7%99%BE%E5%BA%A6%E6%8E%A8%E5%B9%BF%E4%BB%A5%E5%8F%8A%E6%97%A0%E7%94%A8%E5%8A%9F%E8%83%BD.user.js"}}