{"options":{"check_for_updates":true,"comment":null,"compatopts_for_requires":true,"compat_wrappedjsobject":false,"compat_metadata":false,"compat_foreach":false,"compat_arrayleft":false,"compat_uW_gmonkey":false,"compat_forvarin":false,"noframes":null,"awareOfChrome":false,"run_at":null,"override":{"use_includes":[],"orig_includes":[],"merge_includes":true,"use_matches":[],"orig_matches":["http*://*.52pojie.cn/*"],"merge_matches":true,"use_excludes":[],"orig_excludes":[],"merge_excludes":true,"use_connects":[],"merge_connects":true,"use_blockers":[],"orig_run_at":"document-end","orig_noframes":null}},"settings":{"enabled":true,"position":36},"meta":{"name":"吾爱破解广告过滤","uuid":"be3c1df1-24d9-4751-ac7d-190d001e44db","modified":1510512327754,"file_url":"https://greasyfork.org/scripts/25466-%E5%90%BE%E7%88%B1%E7%A0%B4%E8%A7%A3%E5%B9%BF%E5%91%8A%E8%BF%87%E6%BB%A4/code/%E5%90%BE%E7%88%B1%E7%A0%B4%E8%A7%A3%E5%B9%BF%E5%91%8A%E8%BF%87%E6%BB%A4.user.js"}}