{"options":{"check_for_updates":true,"comment":null,"compatopts_for_requires":true,"compat_wrappedjsobject":false,"compat_metadata":false,"compat_foreach":false,"compat_arrayleft":false,"compat_uW_gmonkey":false,"compat_forvarin":false,"noframes":null,"awareOfChrome":false,"run_at":null,"override":{"use_includes":[],"orig_includes":[],"merge_includes":true,"use_matches":[],"orig_matches":["http://*.52pojie.cn/*"],"merge_matches":true,"use_excludes":[],"orig_excludes":[],"merge_excludes":true,"use_connects":[],"merge_connects":true,"use_blockers":[],"orig_run_at":"document-idle","orig_noframes":null}},"settings":{"enabled":true,"position":27},"meta":{"name":"吾爱破解论坛回帖自动填写验证问题答案","uuid":"729505f7-0a33-4ad9-88d4-175780d01e4b","modified":1510510962991,"file_url":"https://greasyfork.org/scripts/31709-%E5%90%BE%E7%88%B1%E7%A0%B4%E8%A7%A3%E8%AE%BA%E5%9D%9B%E5%9B%9E%E5%B8%96%E8%87%AA%E5%8A%A8%E5%A1%AB%E5%86%99%E9%AA%8C%E8%AF%81%E9%97%AE%E9%A2%98%E7%AD%94%E6%A1%88/code/%E5%90%BE%E7%88%B1%E7%A0%B4%E8%A7%A3%E8%AE%BA%E5%9D%9B%E5%9B%9E%E5%B8%96%E8%87%AA%E5%8A%A8%E5%A1%AB%E5%86%99%E9%AA%8C%E8%AF%81%E9%97%AE%E9%A2%98%E7%AD%94%E6%A1%88.user.js"}}