{"options":{"check_for_updates":true,"comment":null,"compatopts_for_requires":true,"compat_wrappedjsobject":false,"compat_metadata":false,"compat_foreach":false,"compat_arrayleft":false,"compat_uW_gmonkey":false,"compat_forvarin":false,"noframes":null,"awareOfChrome":false,"run_at":null,"override":{"use_includes":[],"orig_includes":[],"merge_includes":true,"use_matches":[],"orig_matches":["http*://pan.baidu.com/disk/home*"],"merge_matches":true,"use_excludes":[],"orig_excludes":["http*://pan.baidu.com/disk/home*search*"],"merge_excludes":true,"use_connects":[],"merge_connects":true,"use_blockers":[],"orig_run_at":"document-idle","orig_noframes":null}},"settings":{"enabled":true,"position":22},"meta":{"name":"度盘给我播！","uuid":"c3909534-11a2-450f-8049-77e66a7a4833","modified":1506595008280,"file_url":"https://greasyfork.org/scripts/33039-%E5%BA%A6%E7%9B%98%E7%BB%99%E6%88%91%E6%92%AD/code/%E5%BA%A6%E7%9B%98%E7%BB%99%E6%88%91%E6%92%AD%EF%BC%81.user.js"}}