{"options":{"check_for_updates":true,"comment":null,"compatopts_for_requires":true,"compat_wrappedjsobject":false,"compat_metadata":false,"compat_foreach":false,"compat_arrayleft":false,"compat_uW_gmonkey":false,"compat_forvarin":false,"noframes":null,"awareOfChrome":false,"run_at":null,"override":{"use_includes":[],"orig_includes":[],"merge_includes":true,"use_matches":[],"orig_matches":["*://v.youku.com/v_show/*","*://*.iqiyi.com/v_*","*://*.iqiyi.com/dianying/*","*://*.le.com/ptv/vplay/*","*://v.qq.com/x/cover/*","*://v.qq.com/x/page/*","*://*.tudou.com/listplay/*","*://*.tudou.com/albumplay/*","*://*.tudou.com/programs/view/*","*://*.mgtv.com/b/*","*://film.sohu.com/album/*","*://*.acfun.cn/v/*","*://*.bilibili.com/video/*","*://*.bilibili.com/anime/*","*://vip.pptv.com/show/*","*://v.yinyuetai.com/video/*","*://v.yinyuetai.com/playlist/*","*://*.wasu.cn/Play/show/*","*://miaomiaoai.cn/*"],"merge_matches":true,"use_excludes":[],"orig_excludes":[],"merge_excludes":true,"use_connects":[],"merge_connects":true,"use_blockers":[],"orig_run_at":"document-end","orig_noframes":null}},"settings":{"enabled":true,"position":3},"meta":{"name":"极速无缝解析VIP视频","uuid":"8bb45f9b-de02-4ac8-a4de-749ce454fb02","modified":1501674208903,"file_url":"https://greasyfork.org/scripts/29738-%E6%9E%81%E9%80%9F%E6%97%A0%E7%BC%9D%E8%A7%A3%E6%9E%90vip%E8%A7%86%E9%A2%91/code/%E6%9E%81%E9%80%9F%E6%97%A0%E7%BC%9D%E8%A7%A3%E6%9E%90VIP%E8%A7%86%E9%A2%91.user.js"}}