{"options":{"awareOfChrome":false,"check_for_updates":true,"comment":null,"compat_arrayleft":false,"compat_foreach":false,"compat_forvarin":false,"compat_metadata":false,"compat_uW_gmonkey":false,"compat_wrappedjsobject":false,"compatopts_for_requires":true,"noframes":null,"override":{"merge_connects":true,"merge_excludes":true,"merge_includes":true,"merge_matches":true,"orig_excludes":[],"orig_includes":[],"orig_matches":["*://movie.douban.com/subject/*","*://www.yugaopian.cn/movie/*","*://movie.mtime.com/*"],"orig_noframes":null,"orig_run_at":"document-end","use_blockers":[],"use_connects":[],"use_excludes":[],"use_includes":[],"use_matches":[]},"run_at":null},"settings":{"enabled":true,"position":23},"meta":{"name":"疯狂影视搜索","uuid":"2d3ae4cb-653b-45d8-b24b-0ef002ad54f0","modified":1505581788628,"file_url":"https://greasyfork.org/scripts/30363-%E7%96%AF%E7%8B%82%E5%BD%B1%E8%A7%86%E6%90%9C%E7%B4%A2/code/%E7%96%AF%E7%8B%82%E5%BD%B1%E8%A7%86%E6%90%9C%E7%B4%A2.user.js"}}