{"options":{"check_for_updates":true,"comment":null,"compatopts_for_requires":true,"compat_wrappedjsobject":false,"compat_metadata":false,"compat_foreach":false,"compat_arrayleft":false,"compat_uW_gmonkey":false,"compat_forvarin":false,"noframes":null,"awareOfChrome":false,"run_at":null,"override":{"use_includes":[],"orig_includes":["http://pan.baidu.com/s/*","http://eyun.baidu.com/s/*","http://*","https://*"],"merge_includes":true,"use_matches":[],"orig_matches":[],"merge_matches":true,"use_excludes":[],"orig_excludes":["http*://*.pcs.baidu.com/*","http*://*.baidupcs.com/*","http*://*:8666/file/*","http*://*.baidu.com/file/*","http*://index.baidu.com/*","http*://*.gov/*","http*://*.gov.cn/*","http*://*.taobao.com/*","http*://*.tmall.com/*","http*://*.alimama.com/*","http*://*.jd.com/*","http://*.zol.com.cn/*","http://*.ctrip.com/*","https://*.evernote.com/*","https://*.yinxiang.com/*","/^https?://(localhost|10\\.|192\\.|127\\.)/","/https?://www.baidu.com/(?:s|baidu)\\?/","http*://www.zhihu.com/question/*/answers/created"],"merge_excludes":true,"use_connects":[],"merge_connects":true,"use_blockers":[],"orig_run_at":"document-idle","orig_noframes":null}},"settings":{"enabled":true,"position":5},"meta":{"name":"网盘自动填写密码【威力加强版】","uuid":"ed0fbd5a-ebd9-4078-bb9e-5696465d9cfd","modified":1510281888309,"file_url":"https://greasyfork.org/scripts/29762-%E7%BD%91%E7%9B%98%E8%87%AA%E5%8A%A8%E5%A1%AB%E5%86%99%E5%AF%86%E7%A0%81-%E5%A8%81%E5%8A%9B%E5%8A%A0%E5%BC%BA%E7%89%88/code/%E7%BD%91%E7%9B%98%E8%87%AA%E5%8A%A8%E5%A1%AB%E5%86%99%E5%AF%86%E7%A0%81%E3%80%90%E5%A8%81%E5%8A%9B%E5%8A%A0%E5%BC%BA%E7%89%88%E3%80%91.user.js"}}