{"options":{"check_for_updates":true,"comment":null,"compatopts_for_requires":true,"compat_wrappedjsobject":false,"compat_metadata":false,"compat_foreach":false,"compat_arrayleft":false,"compat_uW_gmonkey":false,"compat_forvarin":false,"noframes":null,"awareOfChrome":false,"run_at":null,"override":{"use_includes":[],"orig_includes":[],"merge_includes":true,"use_matches":[],"orig_matches":["*://pan.baidu.com/*","*://yun.baidu.com/*","*://eyun.baidu.com/*","*://wangpan.baidu.com/*"],"merge_matches":true,"use_excludes":[],"orig_excludes":[],"merge_excludes":true,"use_connects":[],"merge_connects":true,"use_blockers":[],"orig_run_at":"document-start","orig_noframes":null}},"settings":{"enabled":true,"position":12},"meta":{"name":"解决百度云大文件下载限制 （路人添加版）","uuid":"27f41bef-dc7f-4fa9-83be-12c32b7729e3","modified":1500398274735,"file_url":"https://greasyfork.org/scripts/30578-%E8%A7%A3%E5%86%B3%E7%99%BE%E5%BA%A6%E4%BA%91%E5%A4%A7%E6%96%87%E4%BB%B6%E4%B8%8B%E8%BD%BD%E9%99%90%E5%88%B6-%E8%B7%AF%E4%BA%BA%E6%B7%BB%E5%8A%A0%E7%89%88/code/%E8%A7%A3%E5%86%B3%E7%99%BE%E5%BA%A6%E4%BA%91%E5%A4%A7%E6%96%87%E4%BB%B6%E4%B8%8B%E8%BD%BD%E9%99%90%E5%88%B6%20%EF%BC%88%E8%B7%AF%E4%BA%BA%E6%B7%BB%E5%8A%A0%E7%89%88%EF%BC%89.user.js"}}