{"options":{"check_for_updates":true,"comment":null,"compatopts_for_requires":true,"compat_wrappedjsobject":false,"compat_metadata":false,"compat_foreach":false,"compat_arrayleft":false,"compat_prototypes":true,"compat_uW_gmonkey":false,"compat_forvarin":false,"noframes":null,"awareOfChrome":false,"run_at":null,"override":{"use_includes":[],"orig_includes":["http*://www.52pojie.cn/forum*","http*://www.52pojie.cn/thread*","*://pan.baidu.com/share/init?*","http*://bbs.zhiyoo.com/forum.php*","http*://www.right.com.cn/forum/*","http*://bbs.ydss.cn/thread-*","http*://bbs.ydss.cn/forum.php?mod=*","http*://www.zdfans.com/*"],"merge_includes":true,"use_matches":[],"orig_matches":[],"merge_matches":true,"use_excludes":[],"orig_excludes":[],"merge_excludes":true,"use_connects":[],"merge_connects":true,"use_blockers":[],"orig_run_at":"document-idle","orig_noframes":null}},"settings":{"enabled":true,"position":29},"meta":{"name":"论坛网盘链接免密提取","uuid":"a487ebff-14f3-4c18-88b5-ccc1ffa212c8","modified":1510511195578,"file_url":"https://greasyfork.org/scripts/30883-%E8%AE%BA%E5%9D%9B%E7%BD%91%E7%9B%98%E9%93%BE%E6%8E%A5%E5%85%8D%E5%AF%86%E6%8F%90%E5%8F%96/code/%E8%AE%BA%E5%9D%9B%E7%BD%91%E7%9B%98%E9%93%BE%E6%8E%A5%E5%85%8D%E5%AF%86%E6%8F%90%E5%8F%96.user.js"}}