{"options":{"check_for_updates":true,"comment":null,"compatopts_for_requires":true,"compat_wrappedjsobject":false,"compat_metadata":false,"compat_foreach":false,"compat_arrayleft":false,"compat_uW_gmonkey":false,"compat_forvarin":false,"noframes":null,"awareOfChrome":false,"run_at":null,"override":{"use_includes":[],"orig_includes":[],"merge_includes":true,"use_matches":[],"orig_matches":["http://www.ri003.com/*","http://www.ri005.com/*"],"merge_matches":true,"use_excludes":[],"orig_excludes":[],"merge_excludes":true,"use_connects":[],"merge_connects":true,"use_blockers":[],"orig_run_at":"document-start","orig_noframes":null}},"settings":{"enabled":true,"position":37},"meta":{"name":"超碰视频去广告，解决VIP限制","uuid":"1d2e0ded-853e-41a0-8125-6df8094bee74","modified":1510512369124,"file_url":"https://greasyfork.org/scripts/33116-%E8%B6%85%E7%A2%B0%E8%A7%86%E9%A2%91%E5%8E%BB%E5%B9%BF%E5%91%8A-%E8%A7%A3%E5%86%B3vip%E9%99%90%E5%88%B6/code/%E8%B6%85%E7%A2%B0%E8%A7%86%E9%A2%91%E5%8E%BB%E5%B9%BF%E5%91%8A%EF%BC%8C%E8%A7%A3%E5%86%B3VIP%E9%99%90%E5%88%B6.user.js"}}