{"options":{"check_for_updates":true,"comment":null,"compatopts_for_requires":true,"compat_wrappedjsobject":false,"compat_metadata":false,"compat_foreach":false,"compat_arrayleft":false,"compat_uW_gmonkey":false,"compat_forvarin":false,"noframes":null,"awareOfChrome":false,"run_at":null,"override":{"use_includes":[],"orig_includes":["http*://*.jd.*/*","http*://*.amazon.cn/*","http*://*.yixun.com/*","http*://*.yhd.com/*","http*://*.suning.com/*","http*://*.dangdang.com/*","http*://*.tmall.com/*","http*://*.taobao.com/*","http*://*.smzdm.com/*"],"merge_includes":true,"use_matches":[],"orig_matches":[],"merge_matches":true,"use_excludes":[],"orig_excludes":["http://base.yixun.com/*"],"merge_excludes":true,"use_connects":[],"merge_connects":true,"use_blockers":[],"orig_run_at":"document-idle","orig_noframes":null}},"settings":{"enabled":true,"position":33},"meta":{"name":"返利推广链接自动清洗","uuid":"a7b76b78-bec1-4709-b1b9-ac25d1933695","modified":1510512078020,"file_url":"https://greasyfork.org/scripts/16772-%E8%BF%94%E5%88%A9%E6%8E%A8%E5%B9%BF%E9%93%BE%E6%8E%A5%E8%87%AA%E5%8A%A8%E6%B8%85%E6%B4%97/code/%E8%BF%94%E5%88%A9%E6%8E%A8%E5%B9%BF%E9%93%BE%E6%8E%A5%E8%87%AA%E5%8A%A8%E6%B8%85%E6%B4%97.user.js"}}