{"options":{"check_for_updates":true,"comment":null,"compatopts_for_requires":true,"compat_wrappedjsobject":false,"compat_metadata":false,"compat_foreach":false,"compat_arrayleft":false,"compat_uW_gmonkey":false,"compat_forvarin":false,"noframes":null,"awareOfChrome":false,"run_at":null,"override":{"use_includes":[],"orig_includes":["http://download.mokeedev.com/ad-dl.php","http://download.mokeedev.com/download.php","https://download.mokeedev.com/ad-dl.php","https://download.mokeedev.com/download.php"],"merge_includes":true,"use_matches":[],"orig_matches":[],"merge_matches":true,"use_excludes":[],"orig_excludes":[],"merge_excludes":true,"use_connects":[],"merge_connects":true,"use_blockers":[],"orig_run_at":"document-idle","orig_noframes":null}},"settings":{"enabled":true,"position":16},"meta":{"name":"魔趣直接下载跳过广告","uuid":"d7ad32c3-4fd5-40ec-90bc-b7ba65677fdc","modified":1500447128604,"file_url":"https://greasyfork.org/scripts/26673-mokee-download-ad-bypass/code/Mokee%20Download%20Ad%20Bypass.user.js"}}