{"options":{"awareOfChrome":false,"check_for_updates":true,"comment":null,"compat_arrayleft":false,"compat_foreach":false,"compat_forvarin":false,"compat_metadata":false,"compat_uW_gmonkey":false,"compat_wrappedjsobject":false,"compatopts_for_requires":true,"noframes":null,"override":{"merge_connects":true,"merge_excludes":true,"merge_includes":true,"merge_matches":true,"orig_excludes":[],"orig_includes":["http://download.mokeedev.com/ad-dl.php","http://download.mokeedev.com/download.php","https://download.mokeedev.com/ad-dl.php","https://download.mokeedev.com/download.php"],"orig_matches":[],"orig_noframes":null,"orig_run_at":"document-idle","use_blockers":[],"use_connects":[],"use_excludes":[],"use_includes":[],"use_matches":[]},"run_at":null},"settings":{"enabled":true,"position":16},"meta":{"name":"魔趣直接下载跳过广告","uuid":"d7ad32c3-4fd5-40ec-90bc-b7ba65677fdc","modified":1500447128604,"file_url":"https://greasyfork.org/scripts/26673-mokee-download-ad-bypass/code/Mokee%20Download%20Ad%20Bypass.user.js"}}